etf,roic_symbol,company_name,exchange,country,mapping_status,fundamental_currency,price_currency,fiscal_year,fiscal_year_end,price_date,price,net_income,minority_interest,preferred_dividends,earnings_for_common,diluted_shares,diluted_eps,equity_total,minority_equity,preferred_equity,common_equity,common_equity_prior,common_equity_average,dividends_paid,buybacks_gross,share_issuance,buybacks_net,dividend_adjustment,buyback_adjustment,dividends_final,buybacks_final,dividend_per_share,buyback_gross_per_share,buyback_net_per_share,roe,roe_method,earnings_yield,dividend_yield,gross_buyback_yield,net_buyback_yield,gross_shareholder_yield,net_shareholder_yield,quality,tags,notes
SCHY,NSE:HCLTECH,HCL Technologies Ltd,NSE,IN,mapped,INR,INR,2026,2026-03-31,2026-07-24,1271,166420000000,-100000000,,166420000000,2712305611,61.357392516930496,751970000000,320000000,,751330000000,696370000000,723850000000.0,146180000000,7110000000,,7110000000,0.0,0.0,146180000000,7110000000,53.89510658649742,2.6213860160760474,2.6213860160760474,0.22990951163915177,average_common_equity,0.04827489576469748,0.04240370305782645,0.002062459493372185,0.002062459493372185,0.04446616255119864,0.04446616255119864,OK,,
SCHY,JSE:VOD,Vodacom Group Ltd,JSE,ZA,mapped,ZAR,ZAC,2026,2026-03-31,2026-07-24,15372,20647000000,-6090000000,,20647000000,1987682371,10.387474528746022,107235000000,14681000000,,77873000000,80386000000,79129500000.0,12953000000,539000000,82000000,457000000,0.0,0.0,12953000000,539000000,6.516634744555975,0.2711700862592195,0.22991601005651824,0.2609267087495814,average_common_equity,0.0006757399511284168,0.00042392888007780215,1.7640520833933094e-05,1.4956805233965537e-05,0.00044156940091173523,0.0004388856853117677,OK,,
SCHY,DFM:EMIRATESNBD,Emirates NBD Bank PJSC,DFM,AE,mapped,AED,AED,2025,2025-12-31,2026-07-24,30.22,23981000000,-26000000,,23981000000,6311000000,3.7998732372048805,144819000000,237000000,,144345000000,125766000000,135055500000.0,6311000000,,,,0.0,0.0,6311000000,,1.0,,,0.1775640384878809,average_common_equity,0.12574034537408604,0.03309066843150232,,,0.03309066843150232,0.03309066843150232,OK,MISSING_BUYBACK,
SCHY,B3:BBAS3,Banco do Brasil SA,B3,BR,mapped,BRL,BRL,2025,2025-12-31,2026-07-24,20.35,13698124000,-3083814000,,13698124000,5708696148,2.399518847188782,193567416000,4359741000,,184847934000,175009692000,179928813000.0,6680889000,,,,0.0,0.0,6680889000,,1.1703003324744479,,,0.07613079735039435,average_common_equity,0.11791247406333079,0.05750861584641021,,,0.05750861584641021,0.05750861584641021,OK,MISSING_BUYBACK,
SCHY,HKEX:2388,BOC Hong Kong Holdings Ltd,HKEX,HK,manual,HKD,HKD,2025,2025-12-31,2026-07-24,51.25,40121000000,-1068000000,,40121000000,10572780266,3.7947445223108733,363475000000,4947000000,,353581000000,335202000000,344391500000.0,24201000000,,,,0.0,0.0,24201000000,,2.2889911065139317,,,0.11649822948591937,average_common_equity,0.07404379555728534,0.04466324110271086,,,0.04466324110271086,0.04466324110271086,OK,MISSING_BUYBACK,
SCHY,LSE:IMB,Imperial Brands PLC,LSE,GB,manual,GBP,GBX,2025,2025-09-30,2026-07-24,2823,2071000000,-149000000,,2071000000,830600000,2.4933782807608957,5432000000,608000000,,4216000000,4855000000,4535500000.0,1558000000,1235000000,,1235000000,0.0,0.0,1558000000,1235000000,1.8757524680953528,1.4868769564170479,1.4868769564170479,0.45661999779517143,average_common_equity,0.000883237081388911,0.0006644535841641349,0.000526701011837424,0.000526701011837424,0.001191154596001559,0.001191154596001559,OK,,
SCHY,HEL:KNEBV,Kone Oyj,HEL,FI,manual,EUR,EUR,2025,2025-12-31,2026-07-24,48.9,980100000,-11900000,,980100000,519087000,1.8881228002242398,2826700000,29400000,,2767900000,2840400000,2804150000.0,931900000,,,,0.0,0.0,931900000,,1.7952674599826233,,,0.34951767915411086,average_common_equity,0.03861191820499468,0.036713035991464686,,,0.036713035991464686,0.036713035991464686,OK,MISSING_BUYBACK,
SCHY,TWSE:2006,Tung Ho Steel Enterprise Corp,TWSE,TW,manual,TWD,TWD,2025,2025-12-31,2026-07-24,71.8,4720934000,-37050000,,4720934000,732775000,6.442542390228924,34462346000,116374000,,34229598000,32516880000,33373239000.0,2920855000,,,,0.0,0.0,2920855000,,3.986018900753983,,,0.14145866992412692,average_common_equity,0.08972900264942792,0.055515583575960765,,,0.055515583575960765,0.055515583575960765,OK,MISSING_BUYBACK,
SCHY,MOEX:SBER,Sberbank of Russia PJSC,MOEX,RU,mapped,,RUB,,,2026-07-26,268.87,,,,,,,,,,,,,,,,,0.0,0.0,,,,,,,ending_common_equity_fallback,,,,,,,WARNING,ENDING_EQUITY_FALLBACK;MISSING_DIVIDEND;MISSING_BUYBACK,
SCHY,TADAWUL:7010,Saudi Telecom Co,TADAWUL,SA,manual,SAR,SAR,2025,2025-12-31,2026-07-26,43.1,14828030000,-306915000,,14828030000,5000000000,2.965606,86386340000,2972769000,,80440802000,86348037000,83394419500.0,20954565000,,,,0.0,0.0,20954565000,,4.190913,,,0.17780602214036637,average_common_equity,0.06880756380510442,0.09723696055684454,,,0.09723696055684454,0.09723696055684454,OK,MISSING_BUYBACK,
SCHY,LSE:BATS,British American Tobacco PLC,LSE,GB,mapped,GBP,GBX,2025,2025-12-31,2026-07-24,4572,7764000000,-1000000,,7764000000,2199000000,3.530695770804911,48145000000,219000000,,47707000000,49291000000,48499000000.0,5238000000,1173000000,,1173000000,0.0,0.0,5238000000,1173000000,2.3819918144611187,0.5334242837653479,0.5334242837653479,0.16008577496443224,average_common_equity,0.0007722431694673909,0.0005209955849652491,0.0001166719780764103,0.0001166719780764103,0.0006376675630416594,0.0006376675630416594,OK,,
SCHY,B3:KLBN3,Klabin SA,B3,BR,mapped,BRL,BRL,2025,2025-12-31,2026-07-24,3.53,1403135000,-275076000,,1403135000,6137948381,0.22860000001684602,14401101000,6515155000,,1370791000,4666506000,3018648500.0,957000000,33050000,33050000,0,0.0,0.0,957000000,33050000,0.15591528970207547,0.005384535344465615,0.0,0.4648222540650228,average_common_equity,0.0647592068036391,0.044168637309369825,0.0015253641202452168,0.0,0.04569400142961504,0.044168637309369825,OK,,
SCHY,ADX:ALPHADHABI,Abu Dhabi Islamic Bank PJSC,ADX,AE,mapped,,AED,,,2026-07-24,7.3,,,,,,,,,,,,,,,,,0.0,0.0,,,,,,,ending_common_equity_fallback,,,,,,,WARNING,ENDING_EQUITY_FALLBACK;MISSING_DIVIDEND;MISSING_BUYBACK,
SCHY,SET:INSURE,Insurance Australia Group Ltd,SET,AU,mapped,THB,THB,2025,2025-12-31,2026-07-23,51,22261000,,,22261000,12000000,1.8550833333333334,1539241000,,,1539241000,1628819000,1584030000.0,120000000,0,0,0,0.0,0.0,120000000,0,10.0,0.0,0.0,0.01405339545336894,average_common_equity,0.03637418300653595,0.19607843137254902,0.0,0.0,0.19607843137254902,0.19607843137254902,OK,,
SCHY,ASX:WES,Wesfarmers Ltd,ASX,AU,mapped,AUD,AUD,2025,2025-06-30,2026-07-24,87.25,2926000000,,,2926000000,1134000000,2.580246913580247,9189000000,,,9189000000,,9189000000,2291000000,,,,0.0,0.0,2291000000,,2.0202821869488536,,,0.3184242028512352,ending_common_equity_fallback,0.029573030528140365,0.023155096698554197,,,0.023155096698554197,0.023155096698554197,WARNING,ENDING_EQUITY_FALLBACK;MISSING_BUYBACK,
SCHY,B3:KLBN3,Klabin SA,B3,BR,mapped,BRL,BRL,2025,2025-12-31,2026-07-24,3.53,1403135000,-275076000,,1403135000,6137948381,0.22860000001684602,14401101000,6515155000,,1370791000,4666506000,3018648500.0,957000000,33050000,33050000,0,0.0,0.0,957000000,33050000,0.15591528970207547,0.005384535344465615,0.0,0.4648222540650228,average_common_equity,0.0647592068036391,0.044168637309369825,0.0015253641202452168,0.0,0.04569400142961504,0.044168637309369825,OK,,
SCHY,OTC:SINGF,Singapore Exchange Ltd,OTC,SG,mapped,SGD,USD,2026,2026-03-31,2026-07-21,6.09,1184000000,-39000000,,1184000000,3094700000,0.38258958865156556,17686000000,424300000,,16837400000,15242400000,16039900000.0,1162200000,32700000,,32700000,0.0,0.0,1162200000,32700000,0.37554528710375806,0.010566452321711313,0.010566452321711313,0.07381592154564555,average_common_equity,0.06282259255362324,0.0616658927920785,0.0017350496423171285,0.0017350496423171285,0.06340094243439563,0.06340094243439563,OK,,
SCHY,ASX:RIO,Rio Tinto Ltd,ASX,AU,mapped,GBP,AUD,2025,2025-12-31,2026-07-24,159.99,7396366560,-210031280,,7396366560,1317928816.4311223,5.612113846959465,49742531840,3577953360,,42586625120,41973800430,42280212775.0,4560573200,,,,0.0,0.0,4560573200,,3.460409350749138,,,0.1749368339123738,average_common_equity,0.03507790391249119,0.021628910249072677,,,0.021628910249072677,0.021628910249072677,OK,MISSING_BUYBACK,
SCHY,BME:END,Endesa SA,BME,ES,mapped,EUR,EUR,2025,2025-12-31,2026-07-24,3.29,-415697.67,,,-415697.67,12488529,-0.03328635982668575,2982322.25,,,2982322.25,1726562.93,2354442.59,,990.71,0,990.71,0.0,0.0,,990.71,,7.932959918658155e-05,7.932959918658155e-05,-0.17655884741704406,average_common_equity,-0.010117434597776823,,2.4112340178292262e-05,2.4112340178292262e-05,2.4112340178292262e-05,2.4112340178292262e-05,OK,MISSING_DIVIDEND;NEGATIVE_EARNINGS,
SCHY,NSE:COASTCORP,KT&G Corp,NSE,KR,mapped,INR,INR,2026,2026-03-31,2026-07-24,49.93,266569000,,,266569000,66977230,3.9799943951100993,2836917000,,,2836917000,2624935000,2730926000.0,14735000,,,,0.0,0.0,14735000,,0.22000014034620421,,,0.09761121319288768,average_common_equity,0.07971148397977366,0.004406171446949814,,,0.004406171446949814,0.004406171446949814,OK,MISSING_BUYBACK,
SCHY,B3:ENGI3,Engie Brasil Energia SA,B3,BR,mapped,BRL,BRL,2025,2025-12-31,2026-07-24,11.76,2214439000,-925633000,,2214439000,2556120600,0.8663280597949877,21184544000,1986125000,,17212294000,12415774000,14814034000.0,2723741000,0,0,0,0.0,0.0,2723741000,0,1.065576092145261,0.0,0.0,0.14948251097574097,average_common_equity,0.07366735202338331,0.09061021191711403,0.0,0.0,0.09061021191711403,0.09061021191711403,OK,,
SCHY,GPW:INC,Quebecor Inc,GPW,CA,mapped,PLN,PLN,2025,2025-12-31,2026-07-24,1.415,1515000,-149000,,1515000,15043099,0.10071063149953344,20254000,5353000,,9548000,8102000,8825000.0,,0,0,0,0.0,0.0,,0,,0.0,0.0,0.171671388101983,average_common_equity,0.071173591165748,,0.0,0.0,0,0,OK,MISSING_DIVIDEND,
SCHY,OTC:DBSDF,DBS Group Holdings Ltd,OTC,SG,mapped,SGD,USD,2025,2025-12-31,2026-07-24,57.152,10934000000,-1000000,,10934000000,2850000000,3.8364912280701753,68916000000,49000000,,68818000000,68739000000,68778500000.0,8151000000,397000000,,397000000,0.0,0.0,8151000000,397000000,2.86,0.1392982456140351,0.1392982456140351,0.15897409801027937,average_common_equity,0.06712785603426258,0.050041993281075024,0.0024373293255535253,0.0024373293255535253,0.05247932260662855,0.05247932260662855,OK,,
SCHY,BUD:MTELEKOM,Telekom Malaysia Bhd,BUD,MY,mapped,HUF,HUF,2025,2025-12-31,2026-07-24,2648,208440000000,-7111000000,,208440000000,179048853,1164.1515514204384,937868000000,43003000000,,851862000000,777804000000,814833000000.0,97336000000,40789000000,,40789000000,0.0,0.0,97336000000,40789000000,543.6281683412963,227.80933424912809,227.80933424912809,0.2558070181251864,average_common_equity,0.43963427168445557,0.20529764665456807,0.08603071535087918,0.08603071535087918,0.29132836200544726,0.29132836200544726,OK,,
SCHY,NYSE:BANC,Bank of Nova Scotia/The,NYSE,CA,mapped,USD,USD,2025,2025-12-31,2026-07-24,21.28,228973000,,39788000,189185000,161724000,1.1698016373574733,3541277000,,498516000,3042761000,3001433000,3022097000.0,103683000,187727000,0,187727000,0.0,0.0,103683000,187727000,0.6411107813311567,1.1607862778561004,1.1607862778561004,0.06260057172221804,average_common_equity,0.05497188145476848,0.030127386340749844,0.05454822734286186,0.05454822734286186,0.0846756136836117,0.0846756136836117,OK,,
SCHY,NSE:INDUSTOWER,Industries Qatar QSC,NSE,QA,mapped,INR,INR,2026,2026-03-31,2026-07-24,394.6,71449000000,,,71449000000,2637189804,27.092854633226846,396456000000,,,396456000000,324983000000,360719500000.0,,263000000,7000000,256000000,0.0,0.0,,263000000,,0.09972736873208388,0.09707302811944286,0.1980735724018247,average_common_equity,0.06865903353580041,,0.00025273028061856024,0.00024600361915722973,0.00025273028061856024,0.00024600361915722973,OK,MISSING_DIVIDEND,
SCHY,NSE:TRUST,Daito Trust Construction Co Ltd,NSE,JP,mapped,INR,INR,2025,2025-03-31,2026-07-24,29,80055000,,,80055000,23825200,3.3600977116666386,1093695570,-990620,,1095676810,,1095676810,,,,,0.0,0.0,,,,,,0.07306442855170038,ending_common_equity_fallback,0.11586543833333236,,,,,,WARNING,ENDING_EQUITY_FALLBACK;MISSING_DIVIDEND;MISSING_BUYBACK,
SCHY,EURONEXT:TTE,TotalEnergies SE,EURONEXT,FR,mapped,EUR,EUR,2025,2025-12-31,2026-07-24,75.9,11172389699.999998,-195752999.99999997,,11172389699.999998,2247773973,4.970423999121551,100023825299.99998,2246903999.9999995,,95530017299.99998,111500687700,103515352500.0,6911783099.999999,6565385399.999999,418741199.99999994,6146644199.999999,0.0,0.0,6911783099.999999,6565385399.999999,3.074945783260922,2.920838784887914,2.7345472782551874,0.10792978461818017,average_common_equity,0.06548648220186497,0.04051311967405694,0.03848272443857594,0.0360282908861026,0.07899584411263288,0.07654141056015953,OK,,
SCHY,B3:ITUB4,Itau Unibanco Holding SA,B3,BR,mapped,BRL,BRL,2025,2025-12-31,2026-07-24,42.1,44857000000,-992000000,,44857000000,11862475873.511276,3.781419703467215,215076000000,10575000000,,193926000000,200896000000,197411000000.0,48299000000,3085000000,947000000,2138000000,0.0,0.0,48299000000,3085000000,4.071578354721961,0.26006375337620347,0.18023218953592315,0.22722644634797454,average_common_equity,0.08981994545052767,0.09671207493401332,0.006177286303472767,0.00428104963268226,0.10288936123748608,0.10099312456669558,OK,,
SCHY,ASX:PVT,Medibank Pvt Ltd,ASX,AU,mapped,AUD,AUD,2025,2025-06-30,2026-07-24,0.014,,,,,852819122,,,,,,,,,,,,0.0,0.0,,,,,,,ending_common_equity_fallback,,,,,,,WARNING,ENDING_EQUITY_FALLBACK;MISSING_DIVIDEND;MISSING_BUYBACK,
SCHY,NSE:ITC,ITC Ltd,NSE,IN,mapped,INR,INR,2026,2026-03-31,2026-07-24,283.45,206894700000,-3286800000,,206894700000,12532552734,16.508584036411683,728730200000,3657200000,,721415800000,696621600000,709018700000.0,182714400000,4048500000,4048500000,0,0.0,0.0,182714400000,4048500000,14.579184614504571,0.32303873647518616,0.0,0.2918042923268455,average_common_equity,0.05824160887779744,0.05143476667667868,0.001139667442142128,0.0,0.052574434118820804,0.05143476667667868,OK,,
SCHY,NASDAQ:LGIH,LG Uplus Corp,NASDAQ,KR,mapped,USD,USD,2025,2025-12-31,2026-07-24,60.16,72552000,,,72552000,23254595,3.1198995295338405,2096289000,,,2096289000,2037228000,2066758500.0,,23639000,3607000,20032000,0.0,0.0,,23639000,,1.0165302814347015,0.8614211513896501,0.03510424657743031,average_common_equity,0.05186003207336836,,0.016897112390869374,0.01431883562815243,0.016897112390869374,0.01431883562815243,OK,MISSING_DIVIDEND,
SCHY,MIL:ENEL,Enel SpA,MIL,IT,mapped,EUR,EUR,2025,2025-12-31,2026-07-24,9.927,4225000000,-1356000000,0,4225000000,10833333333,0.390000000012,46805000000,14737000000,,17331000000,18291000000,17811000000.0,5794000000,1947000000,,1947000000,0.0,0.0,5794000000,1947000000,0.5348307692472256,0.17972307692860687,0.17972307692860687,0.23721295828420638,average_common_equity,0.039286793594439415,0.05387637445826792,0.018104470326242256,0.018104470326242256,0.07198084478451018,0.07198084478451018,OK,,
SCHY,IDX:BANK,Bank Rakyat Indonesia Persero Tbk PT,IDX,ID,mapped,IDR,IDR,2025,2025-12-31,2026-07-24,288,150709000000,,,150709000000,16497336625,9.135353386171206,3288169000000,,,3288169000000,3138593000000,3213381000000.0,,0,0,0,0.0,0.0,,0,,0.0,0.0,0.04690044535646411,average_common_equity,0.031719977035316684,,0.0,0.0,0,0,OK,MISSING_DIVIDEND,
SCHY,BSE:KAJARIR,Jarir Marketing Co,BSE,SA,mapped,INR,INR,2026,2026-03-31,2026-07-24,36.54,10511000,,,10511000,35496000,0.29611787243633086,1752195000,,,1752195000,1740631000,1746413000.0,,,,,0.0,0.0,,,,,,0.006018622170128143,average_common_equity,0.008103937395630293,,,,,,OK,MISSING_DIVIDEND;MISSING_BUYBACK,
SCHY,SET:CENTEL,Central Pattana PCL,SET,TH,mapped,THB,THB,2025,2025-12-31,2026-07-24,36.25,1992901526,28755820,,1992901526,1350000000,1.4762233525925925,22614472002,206630236,,22201211530,20478252462,21339731996.0,796499221,,,,0.0,0.0,796499221,,0.5899994229629629,,,0.09338924811115515,average_common_equity,0.04072340283014048,0.016275846150702426,,,0.016275846150702426,0.016275846150702426,OK,MISSING_BUYBACK,
SCHY,CPH:TRYG,Tryg A/S,CPH,DK,mapped,DKK,DKK,2025,2025-12-31,2026-07-24,155.4,5405000000,,,5405000000,606298000,8.914758089256438,39619000000,,,39619000000,38862000000,39240500000.0,4972000000,,,,0.0,0.0,4972000000,,8.200587829747088,,,0.1377403447968298,average_common_equity,0.057366525670890844,0.05277083545525796,,,0.05277083545525796,0.05277083545525796,OK,MISSING_BUYBACK,
SCHY,LSE:ULVR,Unilever PLC,LSE,GB,mapped,GBP,GBX,2025,2025-12-31,2026-07-24,4575.5,8256976900.48173,-472624509.4583481,,8256976900.48173,2195300000,3.7612066234599966,15335880531.07743,1793705933.4978266,,11748468664.08178,14418704825.515171,13083586744.798475,3883020185.642111,1316721419.3396783,,1316721419.3396783,0.0,0.0,3883020185.642111,1316721419.3396783,1.7687879495477206,0.5997911079759842,0.5997911079759842,0.6310942910027622,average_common_equity,0.0008220318267861429,0.0003865780678718655,0.00013108755501606037,0.00013108755501606037,0.0005176656228879259,0.0005176656228879259,OK,,
SCHY,IDX:CHIP,Chipbond Technology Corp,IDX,TW,mapped,IDR,IDR,2025,2025-12-31,2026-07-24,920,4624003393,,,4624003393,806000000,5.736976914392059,68465711768,,,68465711768,65486808655,66976260211.5,1617427206,,,,0.0,0.0,1617427206,,2.006733506203474,,,0.06903943842785726,average_common_equity,0.006235844472165282,0.002181232071960298,,,0.002181232071960298,0.002181232071960298,OK,MISSING_BUYBACK,
SCHY,STU:AXA,AXA SA,STU,FR,mapped,EUR,EUR,2025,2025-12-31,2026-07-24,44.55,9797000000,-184000000,,9797000000,2055372364,4.766532902550985,49557000000,2386000000,,44785000000,47408000000,46096500000.0,4728000000,7323000000,2176000000,5147000000,0.0,0.0,4728000000,7323000000,2.30031311251006,3.5628580632214826,2.5041691180391874,0.21253240484635494,average_common_equity,0.10699288221214333,0.05163441329988912,0.07997436730014552,0.05621030567989198,0.13160878060003464,0.1078447189797811,OK,,
SCHY,LSE:GSK,GSK PLC,LSE,GB,mapped,GBP,GBX,2025,2025-12-31,2026-07-24,1919.5,5716000000,-573000000,,5716000000,4117000000,1.3883896040806412,15956000000,-421000000,,16798000000,14256000000,15527000000.0,2564000000,1377000000,15000000,1362000000,0.0,0.0,2564000000,1377000000,0.6227835802769006,0.3344668447898956,0.33082341510808844,0.3681329297352998,average_common_equity,0.0007233079469031733,0.00032445094049330585,0.00017424685844745797,0.00017234874452101508,0.0004986977989407638,0.0004967996850143209,OK,,
SCHY,HEL:ELISA,Elisa Oyj,HEL,FI,mapped,EUR,EUR,2025,2025-12-31,2026-07-24,34.4,342000000,200000,,342000000,160652000,2.1288250379702713,1258900000,6500000,,1245900000,1278200000,1262050000.0,381400000,,,,0.0,0.0,381400000,,2.3740756417598288,,,0.27098767877659363,average_common_equity,0.061884448778205564,0.06901382679534386,,,0.06901382679534386,0.06901382679534386,OK,MISSING_BUYBACK,
SCHY,CSE:WEST,Great-West Lifeco Inc,CSE,CA,mapped,CAD,CAD,2025,2025-10-31,2026-07-17,0.04,-1344184,,,-1344184,23629794,-0.05688513408115196,4846197,,,4846197,6054381,5450289.0,,0,0,0,0.0,0.0,,0,,0.0,0.0,-0.24662618807920095,average_common_equity,-1.4221283520287988,,0.0,0.0,0,0,OK,MISSING_DIVIDEND;NEGATIVE_EARNINGS,
SCHY,IDX:BANK,Bank Central Asia Tbk PT,IDX,ID,mapped,IDR,IDR,2025,2025-12-31,2026-07-24,288,150709000000,,,150709000000,16497336625,9.135353386171206,3288169000000,,,3288169000000,3138593000000,3213381000000.0,,0,0,0,0.0,0.0,,0,,0.0,0.0,0.04690044535646411,average_common_equity,0.031719977035316684,,0.0,0.0,0,0,OK,MISSING_DIVIDEND,
SCHY,SET:CHIC,Chicony Electronics Co Ltd,SET,TW,mapped,THB,THB,2025,2025-12-31,2026-07-24,0.32,-7986391,1085408,,-7986391,1360000000,-0.005872346323529412,814240872,-465408,,815171688,818586715,816879201.5,,,,,0.0,0.0,,,,,,-0.009776709928879246,average_common_equity,-0.01835108226102941,,,,,,OK,MISSING_DIVIDEND;MISSING_BUYBACK;NEGATIVE_EARNINGS,
SCHY,NSE:POWERGRID,Power Grid Corp of India Ltd,NSE,IN,mapped,INR,INR,2026,2026-03-31,2026-07-24,288.2,159279500000,,,159279500000,9300603819,17.12571603949105,1004940300000,,,1004940300000,926628100000,965784200000.0,83705500000,,,,0.0,0.0,83705500000,,9.00000705642357,,,0.16492245369100053,average_common_equity,0.05942302581364001,0.03122833815552939,,,0.03122833815552939,0.03122833815552939,OK,MISSING_BUYBACK,
SCHY,ASX:TRA,Telstra Group Ltd,ASX,AU,mapped,NZD,AUD,2026,2026-03-31,2026-07-23,6.92,38172000,,,38172000,90562278,0.4214999980455439,317866000,,,317866000,298493000,308179500.0,21977000,364000,364000,0,0.0,0.0,21977000,364000,0.2426727825905616,0.00401933352427376,0.0,0.12386287861457365,average_common_equity,0.060910404341841605,0.03506832118360717,0.0005808285439701965,0.0,0.035649149727577364,0.03506832118360717,OK,,
SCHY,OSL:DNB,DNB Bank ASA,OSL,NO,mapped,NOK,NOK,2025,2025-12-31,2026-07-24,298.7,43547000000,-39000000,,43547000000,1474234000,29.53872994382167,295855000000,705000000,,294445000000,282889000000,288667000000.0,24835000000,5527000000,,5527000000,0.0,0.0,24835000000,5527000000,16.8460366536113,3.749065616448949,3.749065616448949,0.15085548400059584,average_common_equity,0.09889096064218839,0.05639784617881252,0.012551274243217106,0.012551274243217106,0.06894912042202962,0.06894912042202962,OK,,
SCHY,SET:PTT,PTT Exploration & Production PCL,SET,TH,mapped,THB,THB,2025,2025-12-31,2026-07-24,39.5,90166372857,-27558973592,,90166372857,28403272945,3.1745064391557216,1652483610295,525061514559,,602360581177,642427257843,622393919510.0,83285013184,7552066570,292877500,7259189070,0.0,0.0,83285013184,7552066570,2.9322329629149717,0.26588719492376095,0.25557579522812984,0.14487026629049723,average_common_equity,0.08036725162419549,0.07423374589658156,0.006731321390474961,0.00647027329691468,0.08096506728705652,0.08070401919349625,OK,,
SCHY,STO:ARCA,Arca Continental SAB de CV,STO,MX,mapped,,SEK,,,2026-04-10,0.0204,,,,,,,,,,,,,,,,,0.0,0.0,,,,,,,ending_common_equity_fallback,,,,,,,WARNING,ENDING_EQUITY_FALLBACK;MISSING_DIVIDEND;MISSING_BUYBACK,
SCHY,HEL:KESKOA,Kesko Oyj,HEL,FI,mapped,EUR,EUR,2025,2025-12-31,2026-07-24,20.75,404200000,-700000,,404200000,398084475,1.01536238005765,2826700000,29000000,,2768700000,2709200000,2738950000.0,370200000,15500000,15500000,0,0.0,0.0,370200000,15500000,0.9299533723338494,0.03893645940349721,0.0,0.14757480056225927,average_common_equity,0.04893312674976626,0.044817029991992746,0.0018764558748673352,0.0,0.046693485866860084,0.044817029991992746,OK,,
SCHY,B3:BBSE3,BB Seguridade Participacoes SA,B3,BR,mapped,BRL,BRL,2025,2025-12-31,2026-07-24,41.49,9017329000,,,9017329000,1941210306,4.645209729274948,10384393000,,,10384393000,9695421000,10039907000.0,8273740000,0,,0,0.0,0.0,8273740000,0,4.262155406051095,0.0,0.0,0.8981486581499211,average_common_equity,0.11195974281212215,0.10272729346953711,0.0,0.0,0.10272729346953711,0.10272729346953711,OK,,
SCHY,SET:TISCO,Tisco Financial Group PCL,SET,TH,mapped,THB,THB,2025,2025-12-31,2026-07-24,130,6658898000,-378000,,6658898000,800655000,8.316813109266787,43376896000,2907000,99000,43370983000,43038865000,43204924000.0,6204037000,,,,0.0,0.0,6204037000,,7.748702000237306,,,0.15412359017226832,average_common_equity,0.06397548545589836,0.05960540000182543,,,0.05960540000182543,0.05960540000182543,OK,MISSING_BUYBACK,
SCHY,EURONEXT:KPN,Koninklijke KPN NV,EURONEXT,NL,mapped,EUR,EUR,2025,2025-12-31,2026-07-24,4.101,855000000,0,,855000000,3825061887,0.22352579520499663,3561000000,44000000,,3473000000,3528000000,3500500000.0,675000000,250000000,,250000000,0.0,0.0,675000000,250000000,0.1764677330565763,0.06535841965058381,0.06535841965058381,0.24425082131124126,average_common_equity,0.05450519268592944,0.04303041527836535,0.015937190843839016,0.015937190843839016,0.058967606122204363,0.058967606122204363,OK,,
SCHY,NYSE:CHE,Cheil Worldwide Inc,NYSE,KR,mapped,USD,USD,2025,2025-12-31,2026-07-24,511.13,265238000,,,265238000,14460000,18.342876901798064,979405000,,,979405000,1118993000,1049199000.0,31695000,431500000,,431500000,0.0,0.0,31695000,431500000,2.1919087136929463,29.84094052558783,29.84094052558783,0.25280046969164094,average_common_equity,0.035886911161148956,0.004288358565713119,0.05838229124799529,0.05838229124799529,0.0626706498137084,0.0626706498137084,OK,,
SCHY,LSE:SDR,Schroders PLC,LSE,GB,manual,GBP,GBX,2025,2025-12-31,2026-07-24,588.5,539800000,-10600000,,539800000,1605600000,0.33619830592924765,4456400000,400000,,4455600000,4325200000,4390400000.0,337600000,11500000,,11500000,0.0,0.0,337600000,11500000,0.21026407573492775,0.00716243148978575,0.00716243148978575,0.12295007288629738,average_common_equity,0.000571280044059894,0.00035728814908229017,1.2170656737104078e-05,1.2170656737104078e-05,0.00036945880581939426,0.00036945880581939426,OK,,
SCHY,NSE:RADIANTCMS,Radiant Opto-Electronics Corp,NSE,TW,mapped,INR,INR,2026,2026-03-31,2026-07-24,36.93,322570000,42780000,,322570000,106707906,3.0229250305033633,2749920000,-30700000,,2811320000,2717590000,2764455000.0,266770000,,,,0.0,0.0,266770000,,2.50000220227356,,,0.11668484384806409,average_common_equity,0.08185553832936267,0.06769570003448579,,,0.06769570003448579,0.06769570003448579,OK,MISSING_BUYBACK,
SCHY,OTC:JAPAF,Japan Tobacco Inc,OTC,JP,mapped,JPY,USD,2025,2025-12-31,2026-07-23,36.62,510175000000,-3039000000,,510175000000,1775597000,287.3258965857681,4115389000000,28456000000,,4058477000000,3684519000000,3871498000000.0,356853000000,1622000000,,1622000000,0.0,0.0,356853000000,1622000000,200.9763476734867,0.9134955736014422,0.9134955736014422,0.13177715705910217,average_common_equity,7.846146821020429,5.488158046791009,0.02494526416169968,0.02494526416169968,5.513103310952708,5.513103310952708,OK,,
SCHY,BSEBG:SCOM,Swisscom AG,BSEBG,CH,mapped,,EUR,,,2026-07-24,2.48,,,,,,,,,,,,,,,,,0.0,0.0,,,,,,,ending_common_equity_fallback,,,,,,,WARNING,ENDING_EQUITY_FALLBACK;MISSING_DIVIDEND;MISSING_BUYBACK,
SCHY,B3:TIMS3,TIM SA/Brazil,B3,BR,mapped,BRL,BRL,2025,2025-12-31,2026-07-24,21.47,4311984000,,,4311984000,2414316000,1.7860064713981103,23977391000,,,23977391000,26404636000,25191013500.0,5360083000,748268000,,748268000,0.0,0.0,5360083000,748268000,2.220124871806342,0.3099296032499474,0.3099296032499474,0.1711715171761549,average_common_equity,0.08318614212380579,0.10340590925972716,0.014435472904049717,0.014435472904049717,0.11784138216377688,0.11784138216377688,OK,,
SCHY,NASDAQ:PONO,Ono Pharmaceutical Co Ltd,NASDAQ,JP,mapped,USD,USD,2026,2026-01-31,2026-07-13,9.97,,,,,17347857,,18288,,0,18288,,18288,,,,,0.0,0.0,,,,,,,ending_common_equity_fallback,,,,,,,WARNING,ENDING_EQUITY_FALLBACK;MISSING_DIVIDEND;MISSING_BUYBACK,
SCHY,IDX:KONI,Koninklijke Ahold Delhaize NV,IDX,NL,mapped,IDR,IDR,2025,2025-12-31,2026-07-24,2450,18386200043,47,,18386200043,312000000,58.93012834294872,175921954609,318572,,175921317465,157118445559,166519881512.0,,,,,0.0,0.0,,,,,,0.11041444346496863,average_common_equity,0.024053113609366825,,,,,,OK,MISSING_DIVIDEND;MISSING_BUYBACK,
SCHY,TSX:BCE,BCE Inc,TSX,CA,mapped,CAD,CAD,2025,2025-12-31,2026-07-24,30.08,6460000000,-54000000,155000000,6305000000,928571429,6.789999996866154,23310000000,290000000,3288000000,19442000000,13249000000,16345500000.0,2177000000,,,,0.0,0.0,2177000000,,2.3444615373794795,,,0.3857330763818788,average_common_equity,0.2257313828745397,0.07794087557777525,,,0.07794087557777525,0.07794087557777525,OK,MISSING_BUYBACK,
SCHY,KSE:OOREDOO,Ooredoo QPSC,KSE,QA,mapped,KWD,KWF,2025,2025-12-31,2026-07-26,1745,77165000,-21529000,,77165000,501162000,0.1539721686799877,736312000,115885000,,504542000,460788000,482665000.0,45202000,,,,0.0,0.0,45202000,,0.09019438824172622,,,0.15987278961598625,average_common_equity,8.823619981661187e-05,5.168732850528723e-05,,,5.168732850528723e-05,5.168732850528723e-05,OK,MISSING_BUYBACK,
SCHY,NGM:CYCLE,Jardine Cycle & Carriage Ltd,NGM,SG,mapped,,SEK,,,2026-07-24,26.2,,,,,,,,,,,,,,,,,0.0,0.0,,,,,,,ending_common_equity_fallback,,,,,,,WARNING,ENDING_EQUITY_FALLBACK;MISSING_DIVIDEND;MISSING_BUYBACK,
SCHY,BIST:CCOLA,Coca-Cola HBC AG,BIST,CH,mapped,TRY,TRY,2025,2025-12-31,2026-07-24,91.15,14072351000,-190957000,,14072351000,2798078602,5.0292908104659455,86627151000,10787383000,,65052385000,59889721000,62471053000.0,3530212000,,,,0.0,0.0,3530212000,,1.2616557653086258,,,0.2252619465210551,average_common_equity,0.05517598256133785,0.013841533355004121,,,0.013841533355004121,0.013841533355004121,OK,MISSING_BUYBACK,
SCHY,ASX:QBE,QBE Insurance Group Ltd,ASX,AU,mapped,AUD,AUD,2025,2025-12-31,2026-07-24,24.85,3231401700,-11984800,,3231401700,1522982419,2.1217590299707854,17487321300,,,17487321300,17334750090,17411035695.0,1208966700,290631400,,290631400,0.0,0.0,1208966700,290631400,0.7938152699056207,0.1908304366315866,0.1908304366315866,0.18559503045117387,average_common_equity,0.0853826571416815,0.031944276454954554,0.00767929322461113,0.00767929322461113,0.039623569679565686,0.039623569679565686,OK,,
SCHY,SIX:ZURN,Zurich Insurance Group AG,SIX,CH,mapped,CHF,CHF,2025,2025-12-31,2026-07-24,623,5386599240,-319329140,,5386599240,144017586,37.40237140205919,23902935080,1308219380,,21286496320,21777523019.999996,21532009670.0,4026875160,,,,0.0,0.0,4026875160,,27.960996096685026,,,0.25016704536897044,average_common_equity,0.060035909152582966,0.044881213638338725,,,0.044881213638338725,0.044881213638338725,OK,MISSING_BUYBACK,
SCHY,XETR:ALV,Allianz SE,XETR,DE,mapped,EUR,EUR,2025,2025-12-31,2026-07-24,427.1,10775000000,-655000000,,10775000000,382958691,28.13619393742914,66349000000,3627000000,,59095000000,56498000000,57796500000.0,6387000000,3062000000,1073000000,1989000000,0.0,0.0,6387000000,3062000000,16.678039042075167,7.995640448854574,5.1937716697491005,0.18642997413338178,average_common_equity,0.06587729791015955,0.03904949436215211,0.018720769020965988,0.012160551790562165,0.057770263383118095,0.051210046152714274,OK,,
SCHY,ASX:BHP,BHP Group Ltd,ASX,AU,mapped,AUD,AUD,2025,2025-06-30,2026-07-24,58.85,13703468600,-3227205600,,13703468600,5083000000,2.6959410977769034,79340029200,9101206000,,61137617200,,61137617200,9728718200,,,,0.0,0.0,9728718200,,1.913971709620303,,,0.22414135891445897,ending_common_equity_fallback,0.04581038398941212,0.03252288376585052,,,0.03252288376585052,0.03252288376585052,WARNING,ENDING_EQUITY_FALLBACK;MISSING_BUYBACK,
SCHY,MIL:ENI,Eni SpA,MIL,IT,mapped,EUR,EUR,2025,2025-12-31,2026-07-24,22.96,2608000000,-150000000,,2608000000,3088100000,0.8445322366503676,52787000000,4847000000,,43093000000,49922000000,46507500000.0,3080000000,1896000000,,1896000000,0.0,0.0,3080000000,1896000000,0.9973770279459861,0.6139697548654512,0.6139697548654512,0.05607697683169381,average_common_equity,0.03678276292031218,0.04343976602552204,0.026740842981944738,0.026740842981944738,0.07018060900746678,0.07018060900746678,OK,,
SCHY,MYX:BURSA,Bursa Malaysia Bhd,MYX,MY,mapped,,MYR,,,2026-07-24,8.6,,,,,,,,,,,,,,,,,0.0,0.0,,,,,,,ending_common_equity_fallback,,,,,,,WARNING,ENDING_EQUITY_FALLBACK;MISSING_DIVIDEND;MISSING_BUYBACK,
SCHY,TSXV:SUN,Sun Life Financial Inc,TSXV,CA,mapped,CAD,CAD,2025,2025-12-31,2026-07-24,0.045,-2706519,,,-2706519,92447644,-0.02927623553067507,-659303,,,-659303,-444000,-551651.5,,,,,0.0,0.0,,,,,,4.906211620923718,average_common_equity,-0.6505830117927793,,,,,,OK,MISSING_DIVIDEND;MISSING_BUYBACK;NEGATIVE_EARNINGS;NEGATIVE_EQUITY,
SCHY,HEL:VINCIT,Vinci SA,HEL,FR,mapped,EUR,EUR,2025,2025-12-31,2026-07-24,0.908,-2796000,80000,,-2796000,16696457,-0.16746067743593746,31664000,-250000,,32164000,36114000,34139000.0,1836000,0,0,0,0.0,0.0,1836000,0,0.10996344913175292,0.0,0.0,-0.08190046574299188,average_common_equity,-0.18442805885015137,0.12110512018915519,0.0,0.0,0.12110512018915519,0.12110512018915519,OK,NEGATIVE_EARNINGS,
SCHY,JSE:BID,Bidvest Group Ltd,JSE,ZA,mapped,ZAR,ZAC,2025,2025-06-30,2026-07-24,44057,8174172000,-40064000,,8174172000,336846000,24.266792540211252,47672671000,377283000,,46918105000,,46918105000,,,,,0.0,0.0,,,,,,0.17422212597887318,ending_common_equity_fallback,0.0005508044701230508,,,,,,WARNING,ENDING_EQUITY_FALLBACK;MISSING_DIVIDEND;MISSING_BUYBACK,
SCHY,GPW:CIE,Cie Generale des Etablissements Michelin SCA,GPW,FR,mapped,,PLN,,,2023-12-04,53,,,,,,,,,,,,,,,,,0.0,0.0,,,,,,,ending_common_equity_fallback,,,,,,,WARNING,ENDING_EQUITY_FALLBACK;MISSING_DIVIDEND;MISSING_BUYBACK,
SCHY,HEL:UNITED,United Overseas Bank Ltd,HEL,SG,mapped,EUR,EUR,2025,2025-12-31,2026-07-24,23.6,12931000,-193000,,12931000,10961375,1.1796877672737225,61705000,330000,,61045000,60865000,60955000.0,12010000,1044000,110000,934000,0.0,0.0,12010000,1044000,1.0956654616779373,0.09524352556134609,0.08520828819377131,0.21214010335493397,average_common_equity,0.049986769799734,0.04642650261347192,0.004035742608531614,0.0036105206861767503,0.050462245222003536,0.050037023299648674,OK,,
SCHY,BSE:STAL,Severstal PAO,BSE,RU,mapped,INR,INR,2026,2026-03-31,2026-07-24,36,-32384000,361000,,-32384000,12840000,-2.5221183800623055,394837000,2548000,,389741000,425616000,407678500.0,3852000,0,0,0,0.0,0.0,3852000,0,0.3,0.0,0.0,-0.07943514313362122,average_common_equity,-0.0700588438906196,0.008333333333333333,0.0,0.0,0.008333333333333333,0.008333333333333333,OK,NEGATIVE_EARNINGS,
SCHY,MYX:GENTING,Genting Singapore Ltd,MYX,SG,mapped,,MYR,,,2026-07-24,2.18,,,,,,,,,,,,,,,,,0.0,0.0,,,,,,,ending_common_equity_fallback,,,,,,,WARNING,ENDING_EQUITY_FALLBACK;MISSING_DIVIDEND;MISSING_BUYBACK,
SCHY,XETR:DHL,Deutsche Post AG,XETR,DE,mapped,EUR,EUR,2025,2025-12-31,2026-07-24,57.04,3501000000,-205000000,,3501000000,1150215795,3.04377666801211,22623000000,396000000,,21831000000,23376000000,22603500000.0,2123000000,1446000000,,1446000000,0.0,0.0,2123000000,1446000000,1.845740607309257,1.2571554018696118,1.2571554018696118,0.15488751741986861,average_common_equity,0.0533621435485994,0.03235870629925065,0.02203989133712503,0.02203989133712503,0.05439859763637568,0.05439859763637568,OK,,
SCHY,SIX:SGSN,SGS SA,SIX,CH,mapped,CHF,CHF,2025,2025-12-31,2026-07-24,93.38,668000000,-49000000,,668000000,193000000,3.461139896373057,995000000,94000000,,807000000,717000000,762000000.0,222000000,100000000,,100000000,0.0,0.0,222000000,100000000,1.150259067357513,0.5181347150259067,0.5181347150259067,0.8766404199475065,average_common_equity,0.037065109192258056,0.01231804527048097,0.005548669040757194,0.005548669040757194,0.017866714311238166,0.017866714311238166,OK,,
SCHY,LSE:VOD,Vodafone Group PLC,LSE,GB,mapped,GBP,GBX,2026,2026-03-31,2026-07-24,114.6,-347001220.6681309,-304172354.641082,,-347001220.6681309,24033000000,-0.014438531214086085,47518189827.76558,3261986285.9785,,40994217255.80858,43199712909.858246,42096965082.83341,955345929.9502949,1783953378.8001387,1748116.9806958735,1782205261.8194427,0.0,0.0,955345929.9502949,1783953378.8001387,0.03975142220905816,0.07422932546083047,0.07415658726831618,-0.008242903496376592,average_common_equity,-0.0001259906737703847,0.0003468710489446611,0.000647725353061348,0.0006470906393395828,0.0009945964020060091,0.0009939616882842439,OK,NEGATIVE_EARNINGS,
SCHY,TSXV:MANU,Manulife Financial Corp,TSXV,CA,mapped,CAD,CAD,2025,2025-04-30,2026-07-24,0.28,-8736537,,,-8736537,10752508,-0.812511555443623,8341379,,,8341379,,8341379,,1931112,1931112,0,0.0,0.0,,1931112,,0.17959642531770262,0.0,-1.0473732221015255,ending_common_equity_fallback,-2.901826983727225,,0.6414158047060807,0.0,0.6414158047060807,0,WARNING,ENDING_EQUITY_FALLBACK;MISSING_DIVIDEND;NEGATIVE_EARNINGS,
SCHY,BME:NAT,Naturgy Energy Group SA,BME,ES,mapped,EUR,EUR,2025,2025-12-31,2026-07-24,0.585,,,,,431846706,,,,,,42697610.06,,,,,,0.0,0.0,,,,,,,ending_common_equity_fallback,,,,,,,WARNING,ENDING_EQUITY_FALLBACK;MISSING_DIVIDEND;MISSING_BUYBACK,
SCHY,SET:TTB,TMBThanachart Bank PCL,SET,TH,manual,THB,THB,2025,2025-12-31,2026-07-24,3.02,20639416000,0,,20639416000,95948000000,0.21511043481886022,244193908000,,,244193908000,237812367000,241003137500.0,12572995000,5104709000,161433000,4943276000,0.0,0.0,12572995000,5104709000,0.1310396777421103,0.053202870304748406,0.051520365197815485,0.08563961537637658,average_common_equity,0.07122862080094709,0.043390621768910696,0.017616844471770997,0.01705972357543559,0.06100746624068169,0.06045034534434629,OK,,
SCHY,B3:ABEV3,Ambev SA,B3,BR,mapped,BRL,BRL,2025,2025-12-31,2026-07-24,15.64,15503400000,-485000000,,15503400000,15683900000,0.9884913828830839,88774800000,860700000,,87053400000,97703700000,92378550000.0,20463500000,1925700000,,1925700000,0.0,0.0,20463500000,1925700000,1.3047456308698728,0.12278196111936444,0.12278196111936444,0.16782467358493935,average_common_equity,0.06320277384162941,0.08342363368733202,0.007850509022977266,0.007850509022977266,0.09127414271030929,0.09127414271030929,OK,,
SCHY,OSL:GJF,Gjensidige Forsikring ASA,OSL,NO,manual,NOK,NOK,2025,2025-12-31,2026-07-24,279,6556100000,-100000,,6556100000,500131008,13.108765293752793,28309700000,2500000,,28304700000,25999000000,27151850000.0,4999700000,,,,0.0,0.0,4999700000,,9.996780683512428,,,0.24146052663078207,average_common_equity,0.046984821841407856,0.03583075513803738,,,0.03583075513803738,0.03583075513803738,OK,MISSING_BUYBACK,
SCHY,OSL:TEL,Telenor ASA,OSL,NO,mapped,NOK,NOK,2025,2025-12-31,2026-07-24,131.6,7034000000,-1329000000,,7034000000,1368211000,5.141019915787843,75623000000,5150000000,,65323000000,69932000000,67627500000.0,13135000000,195000000,,195000000,0.0,0.0,13135000000,195000000,9.600127465719835,0.1425218771081361,0.1425218771081361,0.10401094229418506,average_common_equity,0.03906550087984683,0.07294929685197443,0.0010829929871438914,0.0010829929871438914,0.07403228983911832,0.07403228983911832,OK,,
SCHY,BME:MAP,Mapfre SA,BME,ES,mapped,EUR,EUR,2025,2025-12-31,2026-07-24,4.328,1132600000,-664700000,,1132600000,3063900000,0.36965958419008454,10514300000,1104400000,,8305500000,7791900000,8048700000.0,1183400000,40400000,7400000,33000000,0.0,0.0,1183400000,40400000,0.38623975978328273,0.013185808936322986,0.010770586507392538,0.14071837688073852,average_common_equity,0.08541117934151675,0.08924208867451079,0.003046628682144867,0.002488582834425263,0.09228871735665566,0.09173067150893606,OK,,
SCHY,MYX:CHINHIN,China Construction Bank Corp,MYX,CN,mapped,,MYR,,,2026-07-24,2.09,,,,,,,,,,,,,,,,,0.0,0.0,,,,,,,ending_common_equity_fallback,,,,,,,WARNING,ENDING_EQUITY_FALLBACK;MISSING_DIVIDEND;MISSING_BUYBACK,
