etf,position,name,asset_category,asset_type,country,weight_original,weight_normalized,market_value_usd,cusip,symbol,isin,included_in_equity_analysis,exclusion_reason
SCHY,1,HCL Technologies Ltd,EC,equity,IN,112.2104145812,1.1288282309695137,25243344.89,,,,True,
SCHY,2,Vodacom Group Ltd,EC,equity,ZA,45.9413343394,0.4621663271121414,10335163.2,,,,True,
SCHY,3,Emirates NBD Bank PJSC,EC,equity,AE,26.8276492841,0.26988411009324415,6035265.14,,,,True,
SCHY,4,Banco do Brasil SA,EC,equity,BR,16.3722341395,0.1647034294426971,3683169.29,,,,True,
SCHY,5,BOC Hong Kong Holdings Ltd,EC,equity,HK,25.732650581599998,0.25886850648042153,5788929.45,,,,True,
SCHY,6,Imperial Brands PLC,EC,equity,GB,118.7412629526,1.194528068558856,26712553.06,,,,True,
SCHY,7,Kone Oyj,EC,equity,FI,204.44835721330003,2.0567349141260487,45993595.27,,,,True,
SCHY,8,Tung Ho Steel Enterprise Corp,EC,equity,TW,7.3594829345,0.07403583823131007,1655621.42,,,,True,
SCHY,9,Sberbank of Russia PJSC,EP,preferred_equity,RU,0.0,0.0,0.0,,,,True,
SCHY,10,Saudi Telecom Co,EC,equity,SA,158.6118176923,1.5956228149116543,35682007.17,,,,True,
SCHY,11,British American Tobacco PLC,EC,equity,GB,371.63697649200003,3.738639700263701,83605077.18,,,,True,
SCHY,12,Klabin SA,EP,preferred_equity,BR,7.1122e-06,7.154819072958386e-08,1.6,,,,True,
SCHY,13,Abu Dhabi Islamic Bank PJSC,EC,equity,AE,13.1709467555,0.13249872199202886,2962993.7,,,,True,
SCHY,14,Insurance Australia Group Ltd,EC,equity,AU,15.7475567212,0.15841922215536092,3542639.13,,,,True,
SCHY,15,Wesfarmers Ltd,EC,equity,AU,362.9913981468,3.651665840078395,81660130.12,,,,True,
SCHY,16,Klabin SA,EC,equity,BR,29.259260464199997,0.2943459335085,6582291.01,,,,True,
SCHY,17,Singapore Exchange Ltd,EC,equity,SG,14.3819987706,0.14468181309742828,3235437.25,,,,True,
SCHY,18,Rio Tinto Ltd,EC,equity,AU,279.35269234320003,2.810266824975962,62844401.61,,,,True,
SCHY,19,Neoenergia SA,EC,equity,BR,7.682438169399999,0.0772847433160578,1728274.84,,,,True,
SCHY,20,Endesa SA,EC,equity,ES,81.83161268319999,0.8232197958391254,18409196.95,,,,True,
SCHY,21,Coca-Cola Femsa SAB de CV,EC,equity,MX,19.6785109949,0.19796432298547825,4426963.77,,,,True,
SCHY,22,KT&G Corp,EC,equity,KR,41.883895056600004,0.4213487967165563,9422383.94,,,,True,
SCHY,23,Engie Brasil Energia SA,EC,equity,BR,15.544087520200002,0.1563723374782225,3496865.81,,,,True,
SCHY,24,Quebecor Inc,EC,equity,CA,40.4155867446,0.40657772684270443,9092066.89,748193208,,,True,
SCHY,25,DBS Group Holdings Ltd,EC,equity,SG,105.3198140364,1.0595093138945264,23693205.3,,,,True,
SCHY,26,Telekom Malaysia Bhd,EC,equity,MY,31.1477581655,0.3133440766604071,7007135.7,,,,True,
SCHY,27,Bank of Nova Scotia/The,EC,equity,CA,105.512161476,1.061444314498397,23736476.62,064149107,,,True,
SCHY,28,Industries Qatar QSC,EC,equity,QA,49.0849607694,0.49379096975382764,11042367.13,,,,True,
SCHY,29,Daito Trust Construction Co Ltd,EC,equity,JP,62.115765153000005,0.6248798701500075,13973833.79,,,,True,
SCHY,30,Telkom Indonesia Persero Tbk PT,EC,equity,ID,63.826968865400005,0.6420944492664507,14358793.65,,,,True,
SCHY,31,Roche Holding AG,EC,equity,CH,419.76289355669996,4.222782763335786,94431693.65,,,,True,
SCHY,32,TotalEnergies SE,EC,equity,FR,411.8569429232,4.143249501641186,92653136.47,,,,True,
SCHY,33,Itau Unibanco Holding SA,EP,preferred_equity,BR,54.1022281479,0.5442642977449186,12171073.51,,,,True,
SCHY,34,Medibank Pvt Ltd,EC,equity,AU,11.4729073502,0.1154165748031487,2580995.34,,,,True,
SCHY,35,ITC Ltd,EC,equity,IN,40.1221974365,0.40362625273146463,9026064.75,,,,True,
SCHY,36,LG Uplus Corp,EC,equity,KR,18.5046832751,0.18615570545786048,4162894.36,,,,True,
SCHY,37,Enel SpA,EC,equity,IT,402.4706883447,4.048824494917677,90541563.65,,,,True,
SCHY,38,Bank Rakyat Indonesia Persero Tbk PT,EC,equity,ID,22.2172939922,0.22350428672550873,4998099.48,,,,True,
SCHY,39,Jarir Marketing Co,EC,equity,SA,16.8758274485,0.16976953980552073,3796459.84,,,,True,
SCHY,40,Central Pattana PCL,EC,equity,TH,22.6505944357,0.2278632562110057,5095576.64,,,,True,
SCHY,41,Tryg A/S,EC,equity,DK,10.397981737799999,0.10460290494907964,2339175.38,,,,True,
SCHY,42,Unilever PLC,EC,equity,GB,379.7410310323,3.820165872184109,85428200.68,,,,True,
SCHY,43,Chipbond Technology Corp,EC,equity,TW,8.7549954512,0.08807458794453146,1969562.01,,,,True,
SCHY,44,AXA SA,EC,equity,FR,107.3853469745,1.0802884180554635,24157876.61,,,,True,
SCHY,45,GSK PLC,EC,equity,GB,417.5699104344,4.20072152002133,93938350.59,,,,True,
SCHY,46,Elisa Oyj,EC,equity,FI,67.6218258522,0.6802704217479698,15212501.25,,,,True,
SCHY,47,"ICE Futures U.S., Inc.",DE,derivative,US,2.0276856109,,456157.01,,,,False,asset_category=DE
SCHY,48,State Street Institutional US Government Money Market Fund,STIV,cash,US,15.5659383585,,3501781.47,857492706,,,False,asset_category=STIV
SCHY,49,Great-West Lifeco Inc,EC,equity,CA,14.114847617699999,0.14199429283065887,3175337.76,39138C106,,,True,
SCHY,50,Bank Central Asia Tbk PT,EC,equity,ID,28.2965089278,0.2846607263220392,6365706.22,,,,True,
SCHY,51,Chicony Electronics Co Ltd,EC,equity,TW,22.2490993847,0.22382424655352529,5005254.56,,,,True,
SCHY,52,Power Grid Corp of India Ltd,EC,equity,IN,123.71549684920001,1.2445684829970745,27831578.44,,,,True,
SCHY,53,Telstra Group Ltd,EC,equity,AU,108.5953055719,1.0924605094620148,24430074.18,,,,True,
SCHY,54,DNB Bank ASA,EC,equity,NO,31.903402191500003,0.32094579805405726,7177128.68,,,,True,
SCHY,55,PTT Exploration & Production PCL,EC,equity,TH,48.8931863094,0.49186173328112676,10999224.71,,,,True,
SCHY,56,Arca Continental SAB de CV,EC,equity,MX,21.8715345681,0.2200259732329104,4920315.93,,,,True,
SCHY,57,Sanlam Ltd,EC,equity,ZA,12.1040095193,0.12176541459458046,2722970.84,,,,True,
SCHY,58,Spark New Zealand Ltd,EC,equity,NZ,21.8799761272,0.22011089467501577,4922214.98,,,,True,
SCHY,59,Kesko Oyj,EC,equity,FI,25.7791408775,0.2593361953190549,5799388.11,,,,True,
SCHY,60,BB Seguridade Participacoes SA,EC,equity,BR,4.671731100700001,0.04699725933328821,1050973.03,,,,True,
SCHY,61,Tisco Financial Group PCL,EC,equity,TH,1.60289776,0.016125029477869403,360594.88,,,,True,
SCHY,62,Koninklijke KPN NV,EC,equity,NL,169.27110565729998,1.7028544406197859,38079967.14,,,,True,
SCHY,63,Cheil Worldwide Inc,EC,equity,KR,7.6690744085,0.07715030489844614,1725268.47,,,,True,
SCHY,64,Schroders PLC,EC,equity,GB,8.6310605349,0.08682781211855815,1941681.07,,,,True,
SCHY,65,Radiant Opto-Electronics Corp,EC,equity,TW,16.5833061445,0.16682679774946796,3730652.97,,,,True,
SCHY,66,Japan Tobacco Inc,EC,equity,JP,130.9243669091,1.317089167172226,29453317.33,,,,True,
SCHY,67,Swisscom AG,EC,equity,CH,184.7654507666,1.858726373229976,41565642.68,,,,True,
SCHY,68,TIM SA/Brazil,EC,equity,BR,30.9793606966,0.31165001093907807,6969252.27,,,,True,
SCHY,69,Ono Pharmaceutical Co Ltd,EC,equity,JP,429.81471394010003,4.323903311404039,96692995.06,,,,True,
SCHY,70,Koninklijke Ahold Delhaize NV,EC,equity,NL,160.4989083707,1.6146068035202676,36106535.33,,,,True,
SCHY,71,BCE Inc,EC,equity,CA,64.80566297109999,0.6519400374867682,14578964.95,05534B760,,,True,
SCHY,72,Ooredoo QPSC,EC,equity,QA,21.725617726,0.21855806090631252,4887489.84,,,,True,
SCHY,73,Jardine Cycle & Carriage Ltd,EC,equity,SG,10.559553636799999,0.10622830595667125,2375523.3,,,,True,
SCHY,74,State Street Institutional US Government Money Market Fund,STIV,cash,US,51.747661880399995,,11641380.0,857492706,,,False,asset_category=STIV
SCHY,75,Coca-Cola HBC AG,EC,equity,CH,47.6175660244,0.4790290902944691,10712255.6,,,,True,
SCHY,76,QBE Insurance Group Ltd,EC,equity,AU,32.5097531074,0.32704564212197873,7313536.03,,,,True,
SCHY,77,Zurich Insurance Group AG,EC,equity,CH,137.4038778169,1.382272553784764,30910976.4,,,,True,
SCHY,78,Allianz SE,EC,equity,DE,209.471650835,2.107268865665107,47123657.34,,,,True,
SCHY,79,BHP Group Ltd,EC,equity,AU,506.4346365877,5.094693902118086,113929747.46,,,,True,
SCHY,80,Generali,EC,equity,IT,54.2010865595,0.5452588058420447,12193313.13,,,,True,
SCHY,81,Eni SpA,EC,equity,IT,332.6958821943,3.3468952552213014,74844718.55,,,,True,
SCHY,82,Hyundai Motor Co,EP,preferred_equity,KR,33.7632816272,0.339656043632007,7595535.28,,,,True,
SCHY,83,Bursa Malaysia Bhd,EC,equity,MY,1.5487669206999999,0.01558047735411179,348417.37,,,,True,
SCHY,84,Sun Life Financial Inc,EC,equity,CA,46.0468011309,0.4632273150081341,10358889.47,866796105,,,True,
SCHY,85,Vinci SA,EC,equity,FR,411.6235840998,4.1409019296374385,92600639.05,,,,True,
SCHY,86,Kuehne + Nagel International AG,EC,equity,CH,94.3695590579,0.949350582174483,21229788.12,,,,True,
SCHY,87,Bidvest Group Ltd,EC,equity,ZA,37.0494723239,0.37271487194691316,8334811.09,,,,True,
SCHY,88,Cie Generale des Etablissements Michelin SCA,EC,equity,FR,236.2010125535,2.376164210328541,53136811.28,,,,True,
SCHY,89,United Overseas Bank Ltd,EC,equity,SG,54.200137876,0.5452492621582339,12193099.71,,,,True,
SCHY,90,Severstal PAO,EC,equity,RU,0.0,0.0,0.0,,,,True,
SCHY,91,Genting Singapore Ltd,EC,equity,SG,23.9876084436,0.24131351537769874,5396357.15,,,,True,
SCHY,92,Deutsche Post AG,EC,equity,DE,368.02332682499997,3.702286659628677,82792134.77,,,,True,
SCHY,93,SGS SA,EC,equity,CH,141.7944139851,1.4264410134973016,31898690.59,,,,True,
SCHY,94,Vodafone Group PLC,EC,equity,GB,218.05081670700002,2.193574621424309,49053663.96,,,,True,
SCHY,95,Manulife Financial Corp,EC,equity,CA,65.0930363932,0.654830992242684,14643613.73,56501R106,,,True,
SCHY,96,Naturgy Energy Group SA,EC,equity,ES,42.2531407336,0.4250633801259191,9505451.06,,,,True,
SCHY,97,Kimberly-Clark de Mexico SAB de CV,EC,equity,MX,12.0203316451,0.12092362154839113,2704146.3,,,,True,
SCHY,98,TMBThanachart Bank PCL,EC,equity,TH,4.7957524307,0.04824490447450705,1078873.41,,,,True,
SCHY,99,Ambev SA,EC,equity,BR,40.801372107599995,0.41045869823448267,9178854.85,,,,True,
SCHY,100,"ICE Futures U.S., Inc.",DE,derivative,US,0.3285288287,,73907.28,,,,False,asset_category=DE
SCHY,101,iA Financial Corp Inc,EC,equity,CA,12.4359776927,0.12510498915471302,2797651.85,45075E104,,,True,
SCHY,102,Gjensidige Forsikring ASA,EC,equity,NO,6.2890730150000005,0.06326759590415049,1414817.33,,,,True,
SCHY,103,Telenor ASA,EC,equity,NO,102.15547076989999,1.0276762614542947,22981340.82,,,,True,
SCHY,104,Mapfre SA,EC,equity,ES,5.4597717684,0.054924888476910176,1228254.1,,,,True,
SCHY,105,China Construction Bank Corp,EC,equity,CN,121.89362449929999,1.2262405858097625,27421722.08,,,,True,
